{
    "QUANT": {
        "9a6510f3-1efa-477a-9419-75aea782f46a": {
            "result": {
                "train_total_loss": 0.1287399749397426,
                "train_main_loss": 0.09475770359439356,
                "train_quantum_loss": 0.6489254830925314,
                "train_mape": 0.042943613784102434,
                "train_alpha": 0.5236698448121011,
                "train_tube": 0.6686843093316834,
                "test_total_loss": 0.0710064247250557,
                "test_main_loss": 0.0710064247250557,
                "test_quantum_loss": 0.0,
                "test_mape": 0.03250595182180405,
                "test_alpha": 0.5177441835403442,
                "test_tube": 0.7827082872390747
            },
            "message": "тестовое обучение",
            "params": {
                "hidden_size": 256,
                "num_bands": 8,
                "lr": 0.001,
                "batch_size": 32
            },
            "epoch": 199
        },
        "75cd1f4b-7a2c-4362-8e09-442ee2cf385c": {
            "result": {
                "train_total_loss": 0.14942449520904202,
                "train_main_loss": 0.12685170185727043,
                "train_quantum_loss": 0.42456731206930437,
                "train_mape": 0.056115766777447215,
                "train_alpha": 0.53166582764269,
                "train_tube": 0.5464292417641159,
                "test_total_loss": 0.07455272227525711,
                "test_main_loss": 0.07455272227525711,
                "test_quantum_loss": 0.0,
                "test_mape": 0.03485610708594322,
                "test_alpha": 0.5186295509338379,
                "test_tube": 0.7802748680114746
            },
            "message": "тестовое обучение",
            "params": {
                "hidden_size": 64,
                "num_bands": 3,
                "lr": 0.001,
                "batch_size": 32
            },
            "epoch": 198
        },
        "d01c8e83-40b9-43bc-83da-eacc69103cd5": {
            "result": {
                "train_total_loss": 0.15035097267445144,
                "train_main_loss": 0.12341714470840252,
                "train_quantum_loss": 0.5074097514152527,
                "train_mape": 0.05394489302190843,
                "train_alpha": 0.5308102068600354,
                "train_tube": 0.5585820195642678,
                "test_total_loss": 0.07321224361658096,
                "test_main_loss": 0.07321224361658096,
                "test_quantum_loss": 0.0,
                "test_mape": 0.03360539674758911,
                "test_alpha": 0.5182948708534241,
                "test_tube": 0.7791297435760498
            },
            "message": "тестовое обучение",
            "params": {
                "hidden_size": 64,
                "num_bands": 3,
                "lr": 0.001,
                "batch_size": 32
            },
            "epoch": 199
        },
        "070b942d-ca1f-49d5-9657-1b7611a4faf9": {
            "result": {
                "train_total_loss": 0.1518012148974178,
                "train_main_loss": 0.12484921707964695,
                "train_quantum_loss": 0.5074097514152527,
                "train_mape": 0.05440582455815496,
                "train_alpha": 0.5311682998865574,
                "train_tube": 0.5605762012906976,
                "test_total_loss": 0.07880460470914841,
                "test_main_loss": 0.07880460470914841,
                "test_quantum_loss": 0.0,
                "test_mape": 0.036839306354522705,
                "test_alpha": 0.519690990447998,
                "test_tube": 0.7562267780303955
            },
            "message": "тестовое обучение",
            "params": {
                "hidden_size": 64,
                "num_bands": 3,
                "lr": 0.001,
                "batch_size": 32
            },
            "epoch": 188
        }
    },
    "EARLY_QUANT": {
        "409566f2-ebcf-4a81-ac09-9f7e26bf6ad4": {
            "result": {
                "train_main_loss": 0.30638728065936416,
                "train_mape": 0.13455891142691578,
                "train_tube": 0.23655686936936937,
                "test_main_loss": 0.23767581582069397,
                "test_mape": 0.10023782402276993,
                "test_tube": 0.287145733833313
            },
            "message": "test learning",
            "params": {
                "in_features": 89,
                "out_features": 1,
                "head": 16,
                "hid_q": 16,
                "hid_l": 128,
                "dropout_rate": 0.3,
                "lr": 0.001,
                "batch_size": 32
            },
            "epoch": 19
        }
    },
    "QUANT_RNN": {
        "f97e8f8d-562d-4512-b5fc-fa9eafc84b3d": {
            "result": {
                "train_total_loss": 0.3350302139609975,
                "train_main_loss": 0.21556788170830532,
                "train_mape": 0.09357184393076318,
                "train_alpha": 0.5536784206249917,
                "train_tube": 0.38817885791454515,
                "test_total_loss": 0.27257779240608215,
                "test_main_loss": 0.17653770744800568,
                "test_mape": 0.07457792013883591,
                "test_alpha": 0.5440201759338379,
                "test_tube": 0.4734218716621399
            },
            "message": "тестовое обучение",
            "params": {
                "input_size": 9,
                "output_size": 1,
                "hidden_size": 128,
                "output_sw": 5,
                "num_layers": 1,
                "lr": 0.001,
                "batch_size": 32
            },
            "epoch": 60
        },
        "903b3545-2b56-4b44-a091-34dc593598cd": {
            "result": {
                "train_total_loss": 0.15998428544172874,
                "train_main_loss": 0.10479148055534236,
                "train_mape": 0.044967361367665805,
                "train_alpha": 0.5261724882114392,
                "train_tube": 0.6653395432692307,
                "test_total_loss": 0.10291776061058044,
                "test_main_loss": 0.06784497946500778,
                "test_mape": 0.03006078116595745,
                "test_alpha": 0.5169547200202942,
                "test_tube": 0.8662488460540771
            },
            "message": "тестовое обучение",
            "params": {
                "input_size": 9,
                "output_size": 1,
                "hidden_size": 128,
                "output_sw": 1,
                "num_layers": 1,
                "lr": 0.001,
                "batch_size": 32
            },
            "epoch": 105
        },
        "87d7eb23-81b6-45a6-9761-413b62d465d6": {
            "result": {
                "train_total_loss": 0.0913182358960225,
                "train_main_loss": 0.06025956824935163,
                "train_mape": 0.028628433889140995,
                "train_alpha": 0.515060007443854,
                "train_tube": 0.8670595858659118,
                "test_total_loss": 0.03957980126142502,
                "test_main_loss": 0.026271509006619453,
                "test_mape": 0.012023125775158405,
                "test_alpha": 0.5065675377845764,
                "test_tube": 0.9905718564987183
            },
            "message": "тестовое обучение",
            "params": {
                "input_size": 9,
                "output_size": 1,
                "hidden_size": 256,
                "output_sw": 1,
                "num_layers": 1,
                "num_bands": 3,
                "temperature": 0.9,
                "lr": 0.001,
                "batch_size": 32
            },
            "epoch": 84
        },
        "8b95383a-8a79-4569-98a1-4f0d29768dcd": {
            "result": {
                "train_total_loss": 0.3460766799747944,
                "train_main_loss": 0.22242416739463805,
                "train_mape": 0.09905659740202521,
                "train_alpha": 0.5553709782267872,
                "train_tube": 0.38745340512771353,